title,answer,c1,c2,c3,w1,w2,w3,explanation
What is the time value of money?,The time value of money is the concept that states money today is worth more than the same amount in the future due to its potential earning capacity and the effects of inflation.,The time value of money refers to the importance of being punctual in financial transactions.,The time value of money refers to the idea that money should be spent wisely over time.,The time value of money refers to the consideration of time as a factor in investment decisions.,The time value of money is a term used in the field of physics to describe the measurement of time.,The time value of money refers to the idea that money can be exchanged for goods and services at any time.,,"The time value of money is a fundamental concept in finance. It recognizes that a dollar received today can be invested and earn a return over time. This means that the same dollar received in the future will be worth less due to the opportunity cost of not being able to invest it earlier. Additionally, inflation erodes the purchasing power of money over time, making future dollars less valuable than present dollars."
What is diversification in investing?,"Diversification in investing is the strategy of spreading investments across different assets, industries, or geographic locations to reduce risk. By diversifying, investors can potentially minimize the impact of poor performance in any single investment.",Diversification in investing refers to focusing all investments in a single asset class for maximum returns.,Diversification in investing is the practice of investing in a single company's stocks.,Diversification in investing refers to avoiding investments altogether and keeping money in a savings account.,Diversification in investing is the process of investing all funds in a single stock for simplicity.,Diversification in investing means investing only in assets with similar risk profiles.,,"Diversification is a key principle in investing. By spreading investments across different assets, sectors, or geographic regions, an investor can reduce the risk associated with any one investment. This is because different investments may perform differently under various market conditions. Diversification helps to offset losses in certain investments with gains in others, creating a more balanced and potentially less volatile portfolio."
What is the difference between a stock and a bond?,"Stocks represent ownership in a company, while bonds represent debt issued by a company or government.",Stocks and bonds both represent ownership in a company.,"Stocks represent debt issued by a company, while bonds represent ownership in a company.",Stocks and bonds both represent debt issued by a company or government.,"Stocks represent ownership in a company, while bonds represent equity in a company.","Stocks represent debt issued by a government, while bonds represent ownership in a company.",,"Stocks and bonds are two common types of investment instruments. Stocks represent ownership in a company, and shareholders have rights such as voting on company matters and receiving dividends. Bonds, on the other hand, represent debt issued by a company or government. Bondholders are creditors who receive periodic interest payments and the principal amount at maturity."
What is compound interest?,"Compound interest is the addition of interest to the principal amount, resulting in interest earning interest over time.",Compound interest is the interest earned only on the principal amount.,Compound interest is the interest earned on both the principal and the accumulated interest.,Compound interest is the subtraction of interest from the principal amount over time.,Compound interest is the simple addition of interest to the principal amount.,Compound interest is the subtraction of interest from the principal amount.,,"Compound interest is a method of calculating interest where the interest earned is added to the principal amount, and subsequent interest calculations are based on the new total. This compounding effect allows the interest to grow over time, resulting in interest earning interest and accelerating the growth of the investment."
What is the role of the Federal Reserve?,"The Federal Reserve, often referred to as the central bank of the United States, is responsible for conducting monetary policy, supervising and regulating banks, and maintaining the stability of the financial system.",The Federal Reserve is responsible for issuing currency notes and coins.,The Federal Reserve is a government agency that sets tax rates and collects revenue.,The Federal Reserve is an organization that provides loans to individuals and businesses.,The Federal Reserve is a private corporation that controls the stock market.,The Federal Reserve is an international financial institution that regulates global monetary policies.,,"The Federal Reserve plays a crucial role in the U.S. economy. Its primary objectives include promoting maximum employment, stabilizing prices, and ensuring long-term interest rates remain moderate. The Federal Reserve also acts as a lender of last resort during financial crises and oversees the nation's banking system to maintain stability and protect consumer interests."
What is the concept of supply and demand?,Supply and demand is an economic model that explains the interaction between the availability of a product or service (supply) and the desire or need for that product or service (demand). It determines the equilibrium price and quantity in a market.,Supply and demand refers to the relationship between producers and consumers in a market.,Supply and demand is a term used to describe the quantity of goods produced by a company.,Supply and demand refers to the ability of consumers to purchase goods and services.,Supply and demand is a marketing strategy used to promote products to potential customers.,Supply and demand is a concept that describes the relationship between time and value in financial markets.,,"The concept of supply and demand is fundamental to economics. It states that as the supply of a product or service increases, assuming demand remains constant, the price will decrease. Conversely, if demand increases while supply remains constant, the price will rise. The equilibrium price and quantity occur at the intersection of the supply and demand curves, where the quantity demanded matches the quantity supplied."
What is the role of a financial advisor?,"A financial advisor is a professional who provides guidance and advice to individuals or organizations regarding various aspects of financial planning, investment management, and wealth accumulation. They help clients make informed decisions and develop strategies to achieve their financial goals.",A financial advisor is a person who works at a bank and handles customer transactions.,A financial advisor is a government official responsible for setting tax policies.,A financial advisor is an individual who provides accounting services to businesses.,A financial advisor is a term used to describe a software program that tracks expenses and budgets.,A financial advisor is an automated teller machine (ATM) that dispenses cash.,,"A financial advisor plays a crucial role in helping individuals or organizations manage their finances effectively. They analyze financial situations, develop personalized plans, and provide recommendations on investments, retirement planning, insurance, tax strategies, and more. Financial advisors aim to optimize their clients' financial well-being by considering their goals, risk tolerance, and time horizon."
What is an initial public offering (IPO)?,An initial public offering (IPO) is the process by which a private company offers its shares to the public for the first time. It allows the company to raise capital by selling ownership stakes in the form of shares to investors.,An initial public offering (IPO) refers to the internal reorganization of a company's management structure.,An initial public offering (IPO) is the process of merging two or more companies into one entity.,An initial public offering (IPO) is a type of loan offered by a bank to new businesses.,An initial public offering (IPO) is a government program that provides financial aid to low-income individuals.,An initial public offering (IPO) is a form of financial assistance provided to struggling companies by investors.,,"An initial public offering (IPO) is a significant event for a company as it transitions from being privately owned to becoming a publicly traded entity. It allows the company to raise capital from a larger pool of investors and provides liquidity to existing shareholders. During an IPO, shares of the company are offered to the public through a stock exchange or other financial institutions."
What is the concept of inflation?,"Inflation is the sustained increase in the general price level of goods and services in an economy over time. It erodes the purchasing power of money, as each unit of currency buys fewer goods or services.",Inflation refers to the reduction in the total amount of money in circulation within an economy.,Inflation is the decline in the value of a specific currency compared to other currencies.,Inflation is the process of increasing interest rates to control the money supply.,Inflation is the term used to describe the economic recession and high unemployment rates.,Inflation is the process of reducing the price of goods and services in response to low demand.,,"Inflation is a significant economic indicator that affects individuals, businesses, and governments. It is generally caused by factors such as increased demand, rising production costs, or expansionary monetary policies. While moderate inflation can be beneficial for stimulating economic growth, high or hyperinflation can have detrimental effects on purchasing power, income distribution, and overall economic stability."
What is the difference between a traditional IRA and a Roth IRA?,"A traditional IRA allows individuals to make tax-deductible contributions, and the earnings grow tax-deferred until withdrawals are made, which are then taxed as ordinary income. In contrast, a Roth IRA offers no upfront tax deduction, but qualified withdrawals, including earnings, are tax-free as long as certain conditions are met.",Both traditional and Roth IRAs allow individuals to make tax-free contributions.,"A traditional IRA allows tax-free withdrawals, while a Roth IRA is subject to income tax upon withdrawal.","A traditional IRA offers no upfront tax benefits, while a Roth IRA provides a tax deduction on contributions.","A traditional IRA is only available to self-employed individuals, while a Roth IRA is open to all employees.",A traditional IRA offers higher contribution limits compared to a Roth IRA.,,"Traditional and Roth IRAs are both retirement savings vehicles with distinct tax advantages. With a traditional IRA, contributions may be tax-deductible, reducing taxable income in the year of contribution. However, withdrawals during retirement are taxed as ordinary income. In contrast, Roth IRA contributions are made with after-tax money, so they are not tax-deductible. However, qualified withdrawals, including earnings, are tax-free. The choice between the two depends on factors such as current and future tax rates and individual financial circumstances."
What is the difference between a credit card and a debit card?,"A credit card allows the cardholder to borrow money up to a certain credit limit, which needs to be repaid later with interest. A debit card, on the other hand, allows the cardholder to spend money directly from their own bank account.",Both credit cards and debit cards allow cardholders to spend money directly from their own bank account.,A credit card allows the cardholder to spend money directly from their own bank account.,A debit card allows the cardholder to borrow money up to a certain limit.,"A credit card is a type of loan provided by a bank, while a debit card is a form of digital currency.","A credit card is a type of savings account, while a debit card is linked to a checking account.",,"Credit cards and debit cards are payment methods, but they work differently. With a credit card, the cardholder can make purchases and borrow money up to a certain credit limit. They will receive a bill and need to repay the borrowed amount along with interest if not paid in full. In contrast, a debit card allows the cardholder to make purchases directly from their own bank account, deducting the funds immediately. There is no borrowing involved, and the cardholder can only spend the available balance in their account."
What is an index fund?,"An index fund is a type of mutual fund or exchange-traded fund (ETF) that aims to replicate the performance of a specific market index, such as the S&P 500. It provides investors with diversified exposure to a broad range of stocks or bonds within that index.",An index fund is a fund that invests in a single company's stock.,An index fund is a fund that invests in commodities such as gold or oil.,An index fund is a fund that focuses on investing in emerging markets.,An index fund is a fund that only invests in government bonds.,An index fund is a fund that invests in real estate properties.,,"Index funds are designed to track the performance of a specific market index, such as the S&P 500 or the Dow Jones Industrial Average. Instead of actively selecting individual stocks or bonds, index funds aim to replicate the composition and returns of the target index. By investing in an index fund, investors gain exposure to a diversified portfolio of securities within that index, providing broad market coverage at a relatively low cost."
What is the role of a stockbroker?,"A stockbroker is a licensed professional who buys and sells stocks and other securities on behalf of clients. They provide investment advice, execute trades, and help clients navigate the stock market.",A stockbroker is a financial analyst who predicts stock market trends.,A stockbroker is a bank teller who handles customer transactions.,A stockbroker is a government official responsible for regulating stock markets.,A stockbroker is an individual who issues new stock shares to the public.,A stockbroker is a tax consultant who specializes in stock-related transactions.,,"Stockbrokers are professionals who play a crucial role in the financial markets. They are licensed intermediaries who facilitate buying and selling of securities, such as stocks, bonds, and mutual funds, on behalf of clients. Stockbrokers provide valuable services, including investment advice, market research, trade execution, and assistance in portfolio management. Their expertise and knowledge help clients make informed investment decisions and navigate the complexities of the stock market."
What is a 401(k) retirement plan?,"A 401(k) retirement plan is an employer-sponsored retirement savings plan that allows employees to contribute a portion of their pre-tax income to a retirement account. The contributions grow tax-deferred until withdrawal, and employers may also provide matching contributions to encourage employee savings.",A 401(k) retirement plan is a government-funded retirement program.,A 401(k) retirement plan is a type of individual retirement account (IRA).,A 401(k) retirement plan is a savings account with a fixed interest rate.,A 401(k) retirement plan is a type of insurance policy for long-term care.,A 401(k) retirement plan is a high-risk investment fund.,,"A 401(k) retirement plan is an employer-sponsored retirement savings vehicle available to employees. It allows individuals to contribute a portion of their pre-tax income to a retirement account, which grows tax-deferred until withdrawal. Employers may also offer matching contributions based on employee contributions, providing an additional incentive to save for retirement. 401(k) plans offer individuals the opportunity to build a retirement nest egg through systematic contributions and potential investment growth over time."
What is the difference between a traditional savings account and a money market account?,"A traditional savings account is a basic deposit account offered by banks, typically used for storing funds and earning a low interest rate. A money market account is a type of savings account that usually offers a higher interest rate, but may require a higher minimum balance. Money market accounts often provide limited check-writing and debit card access compared to traditional savings accounts.",Both traditional savings accounts and money market accounts provide the same interest rates.,"A traditional savings account is a type of investment account, while a money market account is used for daily transactions.","A traditional savings account is a short-term account, while a money market account is long-term.","A traditional savings account is a retirement account, while a money market account is for general savings.",A traditional savings account offers higher interest rates compared to a money market account.,,"Traditional savings accounts and money market accounts are both savings vehicles offered by banks, but they have some differences. A traditional savings account is a simple deposit account used for storing funds and earning interest. It typically offers a lower interest rate but may have lower minimum balance requirements. In contrast, a money market account usually offers a higher interest rate, making it attractive for savers looking for better returns. However, money market accounts may require a higher minimum balance and offer limited check-writing and debit card access."
What is a stock dividend?,"A stock dividend is a dividend payment made by a corporation to its shareholders in the form of additional shares of stock, rather than cash. It represents a distribution of a company's earnings and allows shareholders to increase their ownership stake in the company.",A stock dividend is a dividend payment made in cash to shareholders.,A stock dividend is a one-time payment made to company executives.,A stock dividend is a debt issued by a company to raise capital.,A stock dividend is a payment made to bondholders by a company.,A stock dividend is a financial instrument used for short-selling stocks.,,"When a company declares a stock dividend, it distributes additional shares of its own stock to existing shareholders. For example, if a company declares a 10% stock dividend, shareholders receive an additional 10 shares for every 100 shares they already own. Stock dividends are usually expressed as a percentage of existing shares and are typically issued to reward shareholders without depleting the company's cash reserves. By receiving additional shares, shareholders can increase their ownership stake in the company and potentially benefit from future capital appreciation and dividends."
What is the concept of risk tolerance in investing?,"Risk tolerance in investing refers to an individual's ability and willingness to endure fluctuations in the value of their investments in pursuit of potential returns. It is influenced by factors such as investment goals, time horizon, financial circumstances, and personal comfort with risk.",Risk tolerance in investing refers to the likelihood of losing money in investments.,Risk tolerance in investing refers to the expectation of achieving high returns on investments.,Risk tolerance in investing refers to the preference for short-term investments with low volatility.,Risk tolerance in investing refers to the type of investments chosen by an individual.,Risk tolerance in investing refers to the prediction of future market trends.,,"Each individual has a unique risk tolerance, which determines their comfort level with investment risk. Some individuals may be more willing to take on higher-risk investments in exchange for potentially higher returns, while others may prefer more conservative investments with lower volatility. Risk tolerance is influenced by various factors, including an individual's financial goals, investment time horizon, income level, investment knowledge, and emotional capacity to withstand market fluctuations. Understanding one's risk tolerance is important for constructing an investment portfolio that aligns with their goals and financial circumstances."
What is the role of a financial analyst?,"A financial analyst is a professional who assesses the financial performance and viability of companies, industries, or investment opportunities. They analyze financial statements, market trends, economic factors, and other data to provide insights and recommendations to individuals, businesses, or institutions making investment decisions.",A financial analyst is an accountant who prepares financial statements for businesses.,A financial analyst is a banker who facilitates loan applications for individuals and businesses.,A financial analyst is a stockbroker who executes trades on behalf of clients.,A financial analyst is a tax consultant who specializes in personal income tax.,A financial analyst is an economist who studies macroeconomic indicators.,,"Financial analysts play a vital role in the investment industry by providing insights and recommendations based on their analysis of financial data. They evaluate financial statements, market trends, industry performance, and economic factors to assess the financial health and viability of companies or investment opportunities. Financial analysts help individuals, businesses, or institutions make informed investment decisions, identify potential risks, and develop strategies for maximizing returns. Their work involves conducting research, building financial models, and communicating their findings to clients or decision-makers."
What is an expense ratio in mutual funds?,"The expense ratio in mutual funds represents the annual fees and expenses charged by the fund to cover its operating costs. It is expressed as a percentage of the fund's average net assets and includes management fees, administrative costs, and other operational expenses.",The expense ratio in mutual funds represents the returns earned by the fund's shareholders.,The expense ratio in mutual funds is the annual dividend paid to shareholders.,The expense ratio in mutual funds refers to the value of the fund's assets.,The expense ratio in mutual funds is the sales charge applied when purchasing fund shares.,The expense ratio in mutual funds is the tax rate applied to fund distributions.,,"The expense ratio is an important consideration for investors in mutual funds. It represents the ongoing costs associated with managing and operating the fund. The expense ratio is expressed as a percentage of the fund's average net assets, typically calculated annually. It covers expenses such as fund management fees, administrative costs, custodial fees, marketing expenses, and other operational charges. The expense ratio directly impacts the fund's overall returns to investors and is an important factor to consider when evaluating the cost-effectiveness of investing in a particular mutual fund."
What is the concept of diversification in investing?,"Diversification in investing refers to the strategy of spreading investments across different asset classes, industries, regions, or investment types to reduce risk. By diversifying, investors aim to lower the impact of any single investment on their overall portfolio and increase the likelihood of achieving more stable returns.",Diversification in investing refers to investing in a single asset or security.,Diversification in investing refers to investing in multiple assets with similar risk profiles.,Diversification in investing refers to timing the market to maximize investment returns.,Diversification in investing refers to investing in a single industry or sector.,Diversification in investing refers to investing in international markets only.,,"Diversification is a key principle in investing. By spreading investments across different asset classes, sectors, or regions, investors can reduce the risk associated with any single investment. Diversification helps protect against the potential loss of capital in case a particular investment performs poorly. It also allows investors to take advantage of different market conditions, as different assets or sectors may perform better at different times. Diversification does not guarantee profits or eliminate all risks, but it can help manage risk and improve the overall risk-adjusted returns of an investment portfolio."
What is a bond?,"A bond is a debt instrument issued by governments, municipalities, or corporations to raise capital. When an investor buys a bond, they are essentially lending money to the issuer for a specified period, and in return, they receive regular interest payments (coupon payments) and the return of the principal amount at maturity.",A bond is a type of stock that represents ownership in a company.,A bond is a financial derivative used for hedging investment risks.,A bond is a type of insurance policy that protects against investment losses.,A bond is a savings account offered by banks.,A bond is a form of cryptocurrency used for online transactions.,,"Bonds are commonly used investment instruments. When investors purchase bonds, they are essentially lending money to the bond issuer, whether it be a government entity, municipality, or corporation. In return, bondholders receive regular interest payments, known as coupon payments, at a fixed or variable interest rate. Bonds have a specified maturity date, at which point the issuer repays the principal amount to the bondholder. Bonds are considered relatively safer investments compared to stocks, as they provide fixed income and are typically less volatile. However, bond investments still carry risks, including interest rate risk, credit risk, and inflation risk."
What is the concept of compounding in finance?,"Compounding in finance refers to the process of earning interest or returns on an initial investment, and then reinvesting those earnings to generate additional returns over time. The power of compounding allows investments to grow exponentially, as the earnings themselves generate further earnings.",Compounding in finance refers to the process of borrowing money to invest in high-risk assets.,Compounding in finance refers to the practice of diversifying investments across different asset classes.,Compounding in finance refers to the calculation of taxes on investment income.,Compounding in finance refers to the process of withdrawing funds from an investment account.,Compounding in finance refers to the process of converting physical assets into financial assets.,,"Compounding is a powerful concept in finance that allows investments to grow exponentially over time. By reinvesting the earnings or returns generated by an initial investment, the investor benefits from the compounding effect, where the earnings themselves generate additional earnings. The longer the investment is allowed to compound, the greater the potential growth. Compounding is particularly effective when investments have a long time horizon, as it takes advantage of the time value of money. Through compounding, small investments made early on can grow significantly over the years and contribute to long-term wealth accumulation."
What is the concept of liquidity in finance?,"Liquidity in finance refers to the ease with which an asset or security can be bought or sold in the market without causing significant price changes. It measures the ability to convert an investment into cash quickly and at a fair price, without incurring substantial transaction costs.",Liquidity in finance refers to the total value of assets held by an individual or organization.,Liquidity in finance refers to the ability to borrow money from financial institutions.,Liquidity in finance refers to the ability to generate high investment returns in a short period.,Liquidity in finance refers to the process of converting cash into physical assets.,Liquidity in finance refers to the process of diversifying investments across different asset classes.,,"Liquidity is a crucial aspect of financial markets. Assets or securities that are considered liquid can be easily bought or sold in the market without significantly affecting their market price. Highly liquid investments allow investors to enter or exit positions quickly and efficiently. Liquidity is important for investors as it provides flexibility, enables diversification, and reduces the risk of not being able to access cash when needed. The level of liquidity can vary among different assets, with cash and highly traded stocks typically being the most liquid. Illiquid assets, such as certain types of real estate or private equity, may take longer to sell and involve more significant transaction costs."
What is the concept of risk and return in investing?,"The concept of risk and return in investing states that investments with higher potential returns generally come with higher levels of risk. Investors need to assess the trade-off between risk and return when making investment decisions, as investments with higher expected returns often involve a greater chance of loss or volatility.",The concept of risk and return in investing states that all investments carry the same level of risk.,The concept of risk and return in investing states that investments with higher risk always provide higher returns.,The concept of risk and return in investing states that risk and return are unrelated in investment decisions.,The concept of risk and return in investing states that risk and return have an inverse relationship.,The concept of risk and return in investing states that only high-risk investments offer returns.,,"The concept of risk and return is fundamental to investing. It recognizes that higher potential returns are typically associated with higher levels of risk. Investments with greater uncertainty or volatility generally have the potential for higher returns, as investors demand compensation for taking on additional risk. Conversely, investments with lower risk often provide lower returns. Investors need to evaluate their risk tolerance, investment goals, and time horizon to find the right balance between risk and return. Diversification, asset allocation, and risk management strategies can also help manage risk and optimize the risk-return trade-off within an investment portfolio."
What is an initial public offering (IPO)?,An initial public offering (IPO) refers to the process through which a private company offers its shares to the public for the first time. It is a significant event for a company as it transitions from being privately held to a publicly traded entity. The IPO allows the company to raise capital by selling shares to investors and provides liquidity to its existing shareholders.,An initial public offering (IPO) refers to the process of merging two or more companies into a single entity.,An initial public offering (IPO) refers to the process of acquiring a company through a public auction.,An initial public offering (IPO) refers to the process of repurchasing shares of a publicly traded company.,An initial public offering (IPO) refers to the process of issuing bonds to raise capital.,An initial public offering (IPO) refers to the process of investing in private equity firms.,,"An initial public offering (IPO) is a significant milestone for a company, marking its transition from a privately held entity to a publicly traded company. During an IPO, the company offers shares to the public for the first time, allowing individuals and institutional investors to purchase ownership stakes in the company. The primary purpose of an IPO is to raise capital for the company, which can be used for various purposes, such as business expansion, debt repayment, or research and development. Additionally, an IPO provides liquidity to existing shareholders, allowing them to sell their shares in the public market. The process of conducting an IPO involves significant regulatory and legal requirements to ensure transparency and investor protection."
What is the concept of inflation in economics?,"Inflation in economics refers to the sustained increase in the general price level of goods and services in an economy over time. It erodes the purchasing power of money, as the same amount of currency can buy fewer goods and services. Inflation is influenced by factors such as the supply and demand dynamics, government policies, and macroeconomic conditions.",Inflation in economics refers to the decrease in the general price level of goods and services.,Inflation in economics refers to the stability of prices in an economy over time.,Inflation in economics refers to the measurement of economic growth in an economy.,Inflation in economics refers to the exchange rate between two currencies.,"Inflation in economics refers to the value of assets, such as real estate or stocks.",,"Inflation is an important economic concept that measures the increase in the general price level of goods and services in an economy. When inflation occurs, the purchasing power of money decreases over time, as the same amount of currency can buy fewer goods and services. Inflation is influenced by various factors, including supply and demand dynamics, government policies, money supply, and overall economic conditions. Central banks and policymakers aim to manage inflation to maintain price stability and support sustainable economic growth. Inflation impacts various aspects of the economy, including wages, interest rates, savings, investments, and the cost of living."
What is a mutual fund?,"A mutual fund is an investment vehicle that pools money from multiple investors to invest in a diversified portfolio of securities, such as stocks, bonds, or money market instruments. It is managed by professional fund managers who make investment decisions on behalf of the investors, aiming to generate returns and manage risk.",A mutual fund is a type of retirement savings account offered by employers.,A mutual fund is a government grant provided to low-income individuals.,A mutual fund is a loan provided by a financial institution to individuals or businesses.,A mutual fund is a type of insurance policy that protects against investment losses.,A mutual fund is a type of stock that represents ownership in a company.,,"Mutual funds are popular investment vehicles that offer individuals access to professionally managed diversified portfolios. By pooling money from multiple investors, mutual funds can invest in a wide range of securities, including stocks, bonds, and money market instruments. Mutual funds are managed by professional fund managers who make investment decisions on behalf of the investors. The goal of mutual funds is to generate returns and manage risk according to the fund's stated investment objectives. Investors can purchase mutual fund shares, and the value of their investment is based on the net asset value (NAV) of the fund, which fluctuates based on the performance of the underlying securities."
What is the concept of asset allocation in investment portfolios?,"Asset allocation in investment portfolios refers to the strategic distribution of investments across different asset classes, such as stocks, bonds, and cash, to achieve a desired balance of risk and return. It is based on the principle that different asset classes have varying levels of risk and return potential, and by diversifying across them, investors can optimize their portfolio's risk-return profile.","Asset allocation in investment portfolios refers to the allocation of investments within a single asset class, such as stocks only.",Asset allocation in investment portfolios refers to the timing of buying and selling investments.,"Asset allocation in investment portfolios refers to the selection of specific securities within an asset class, such as choosing individual stocks.",Asset allocation in investment portfolios refers to the allocation of investments to different sectors within an industry.,Asset allocation in investment portfolios refers to the allocation of investments to different currencies.,,"Asset allocation is a critical aspect of portfolio management. It involves strategically allocating investments across different asset classes, such as stocks, bonds, and cash, to achieve a desired balance of risk and return. The goal of asset allocation is to optimize the risk-return profile of an investment portfolio based on the investor's goals, time horizon, and risk tolerance. Different asset classes have unique risk and return characteristics, and their performance may vary under different market conditions. By diversifying across asset classes, investors can potentially reduce the impact of any single investment on the overall portfolio and increase the likelihood of achieving their investment objectives."
